timestamp,open,high,low,close,volume
2025-06-20 08:00:00+00:00,196.0,196.34,196.0,196.3,1772.0
2025-06-20 08:01:00+00:00,196.26,196.35,196.26,196.35,1871.0
2025-06-20 08:02:00+00:00,196.38,196.49,196.24,196.49,3948.0
2025-06-20 08:04:00+00:00,196.29,196.3,196.22,196.22,1333.0
2025-06-20 08:05:00+00:00,196.4,196.46,196.4,196.45,2556.0
2025-06-20 08:06:00+00:00,196.49,196.49,196.49,196.49,2181.0
2025-06-20 08:07:00+00:00,196.4,196.4,196.4,196.4,1378.0
2025-06-20 08:09:00+00:00,196.47,196.47,196.47,196.47,851.0
2025-06-20 08:10:00+00:00,196.47,196.5,196.47,196.5,1544.0
2025-06-20 08:11:00+00:00,196.5,196.5,196.44,196.44,662.0
2025-06-20 08:13:00+00:00,196.43,196.44,196.41,196.41,1609.0
2025-06-20 08:14:00+00:00,196.4,196.4,196.35,196.35,1097.0
2025-06-20 08:15:00+00:00,196.45,196.45,196.45,196.45,985.0
2025-06-20 08:17:00+00:00,196.35,196.35,196.35,196.35,357.0
2025-06-20 08:19:00+00:00,196.28,196.28,196.21,196.21,3011.0
2025-06-20 08:20:00+00:00,196.21,196.21,196.2,196.2,2542.0
2025-06-20 08:21:00+00:00,196.19,196.2,196.19,196.2,991.0
2025-06-20 08:22:00+00:00,196.19,196.19,196.19,196.19,1362.0
2025-06-20 08:23:00+00:00,196.2,196.2,196.2,196.2,864.0
2025-06-20 08:25:00+00:00,196.22,196.22,196.22,196.22,171.0
2025-06-20 08:26:00+00:00,196.22,196.24,196.22,196.24,1743.0
2025-06-20 08:30:00+00:00,196.23,196.23,196.23,196.23,2561.0
2025-06-20 08:32:00+00:00,196.25,196.25,196.25,196.25,148.0
2025-06-20 08:38:00+00:00,196.25,196.25,196.16,196.19,4302.0
2025-06-20 08:45:00+00:00,196.15,196.15,196.15,196.15,1176.0
2025-06-20 08:47:00+00:00,196.1,196.1,196.09,196.09,1019.0
2025-06-20 08:50:00+00:00,196.07,196.07,196.0,196.0,3419.0
2025-06-20 08:51:00+00:00,196.0,196.01,196.0,196.0,2091.0
2025-06-20 08:52:00+00:00,195.99,195.99,195.99,195.99,2209.0
2025-06-20 08:53:00+00:00,195.99,195.99,195.99,195.99,653.0
2025-06-20 08:56:00+00:00,195.87,195.87,195.87,195.87,725.0
2025-06-20 08:57:00+00:00,195.88,195.88,195.86,195.86,1468.0
2025-06-20 08:58:00+00:00,195.8,195.8,195.78,195.78,2492.0
2025-06-20 08:59:00+00:00,195.7,195.73,195.7,195.73,1412.0
2025-06-20 09:00:00+00:00,195.71,195.75,195.71,195.75,1125.0
2025-06-20 09:01:00+00:00,195.77,195.77,195.77,195.77,388.0
2025-06-20 09:03:00+00:00,195.79,195.8,195.79,195.8,2558.0
2025-06-20 09:06:00+00:00,195.8,195.8,195.8,195.8,948.0
2025-06-20 09:07:00+00:00,195.8,195.8,195.8,195.8,1077.0
2025-06-20 09:09:00+00:00,195.81,195.81,195.81,195.81,617.0
2025-06-20 09:10:00+00:00,195.93,195.93,195.93,195.93,695.0
2025-06-20 09:12:00+00:00,195.93,195.95,195.93,195.95,1396.0
2025-06-20 09:15:00+00:00,195.99,195.99,195.99,195.99,785.0
2025-06-20 09:16:00+00:00,196.0,196.0,196.0,196.0,617.0
2025-06-20 09:17:00+00:00,196.0,196.0,196.0,196.0,1542.0
2025-06-20 09:19:00+00:00,195.98,195.98,195.98,195.98,1035.0
2025-06-20 09:20:00+00:00,195.99,195.99,195.99,195.99,1213.0
2025-06-20 09:21:00+00:00,195.98,196.0,195.98,196.0,558.0
2025-06-20 09:23:00+00:00,195.98,196.0,195.98,195.98,1536.0
2025-06-20 09:24:00+00:00,195.98,196.0,195.98,196.0,622.0
2025-06-20 09:25:00+00:00,195.98,195.98,195.9,195.9,1475.0
2025-06-20 09:29:00+00:00,195.95,195.95,195.95,195.95,461.0
2025-06-20 09:31:00+00:00,195.96,195.96,195.96,195.96,860.0
2025-06-20 09:32:00+00:00,196.0,196.0,196.0,196.0,350.0
2025-06-20 09:33:00+00:00,196.0,196.0,196.0,196.0,649.0
2025-06-20 09:34:00+00:00,195.99,195.99,195.99,195.99,235.0
2025-06-20 09:38:00+00:00,195.94,195.99,195.94,195.99,2004.0
2025-06-20 09:39:00+00:00,195.95,195.95,195.95,195.95,185.0
2025-06-20 09:40:00+00:00,195.92,195.92,195.92,195.92,662.0
2025-06-20 09:42:00+00:00,195.93,195.93,195.93,195.93,589.0
2025-06-20 09:43:00+00:00,195.92,195.92,195.92,195.92,730.0
2025-06-20 09:44:00+00:00,195.98,195.99,195.98,195.99,1235.0
2025-06-20 09:45:00+00:00,195.96,195.96,195.95,195.95,1007.0
2025-06-20 09:47:00+00:00,195.94,195.94,195.94,195.94,301.0
2025-06-20 09:49:00+00:00,195.92,195.92,195.92,195.92,726.0
2025-06-20 09:52:00+00:00,195.99,196.0,195.99,196.0,8556.0
2025-06-20 09:56:00+00:00,196.11,196.11,196.11,196.11,565.0
2025-06-20 09:59:00+00:00,196.1,196.1,196.1,196.1,1526.0
2025-06-20 10:03:00+00:00,196.08,196.08,196.08,196.08,1368.0
2025-06-20 10:06:00+00:00,196.02,196.02,196.02,196.02,822.0
2025-06-20 10:11:00+00:00,196.09,196.11,196.09,196.11,1830.0
2025-06-20 10:13:00+00:00,196.06,196.06,196.05,196.05,835.0
2025-06-20 10:14:00+00:00,196.02,196.02,196.02,196.02,1186.0
2025-06-20 10:15:00+00:00,196.0,196.0,195.99,195.99,1529.0
2025-06-20 10:20:00+00:00,195.98,195.98,195.98,195.98,639.0
2025-06-20 10:26:00+00:00,195.94,195.94,195.94,195.94,355.0
2025-06-20 10:27:00+00:00,195.9,195.9,195.9,195.9,1090.0
2025-06-20 10:28:00+00:00,195.9,195.91,195.9,195.9,2498.0
2025-06-20 10:33:00+00:00,195.94,195.94,195.94,195.94,500.0
2025-06-20 10:45:00+00:00,195.99,195.99,195.95,195.95,954.0
2025-06-20 10:56:00+00:00,196.04,196.04,196.04,196.04,409.0
2025-06-20 10:57:00+00:00,195.98,195.98,195.95,195.95,1459.0
2025-06-20 11:00:00+00:00,195.94,195.95,195.87,195.9,4387.0
2025-06-20 11:01:00+00:00,195.87,195.87,195.85,195.86,3780.0
2025-06-20 11:02:00+00:00,195.87,195.87,195.84,195.84,952.0
2025-06-20 11:03:00+00:00,195.84,195.85,195.84,195.85,1246.0
2025-06-20 11:05:00+00:00,195.98,196.01,195.98,195.98,1891.0
2025-06-20 11:07:00+00:00,196.08,196.08,196.08,196.08,603.0
2025-06-20 11:08:00+00:00,196.1,196.11,196.1,196.11,1031.0
2025-06-20 11:09:00+00:00,196.1,196.1,196.1,196.1,504.0
2025-06-20 11:12:00+00:00,196.08,196.08,196.04,196.04,351.0
2025-06-20 11:13:00+00:00,196.05,196.05,196.04,196.04,2186.0
2025-06-20 11:18:00+00:00,196.03,196.03,196.02,196.02,1845.0
2025-06-20 11:19:00+00:00,196.0,196.0,196.0,196.0,216.0
2025-06-20 11:21:00+00:00,196.05,196.05,196.04,196.04,334.0
2025-06-20 11:22:00+00:00,196.0,196.0,195.95,196.0,5318.0
2025-06-20 11:23:00+00:00,196.0,196.0,196.0,196.0,415.0
2025-06-20 11:24:00+00:00,196.0,196.0,196.0,196.0,552.0
2025-06-20 11:30:00+00:00,196.0,196.01,196.0,196.01,1422.0
2025-06-20 11:31:00+00:00,195.99,196.0,195.99,196.0,781.0
2025-06-20 11:32:00+00:00,196.01,196.01,196.01,196.01,809.0
2025-06-20 11:33:00+00:00,196.01,196.01,196.01,196.01,509.0
2025-06-20 11:35:00+00:00,196.05,196.05,196.05,196.05,290.0
2025-06-20 11:36:00+00:00,196.06,196.08,196.06,196.08,505.0
2025-06-20 11:37:00+00:00,196.13,196.19,196.12,196.19,2209.0
2025-06-20 11:38:00+00:00,196.2,196.2,196.2,196.2,1005.0
2025-06-20 11:41:00+00:00,196.2,196.22,196.2,196.22,2024.0
2025-06-20 11:44:00+00:00,196.32,196.47,196.32,196.47,4040.0
2025-06-20 11:45:00+00:00,196.49,196.7,196.46,196.46,8176.0
2025-06-20 11:46:00+00:00,196.56,196.69,196.48,196.48,1252.0
2025-06-20 11:47:00+00:00,196.54,196.6,196.54,196.59,3965.0
2025-06-20 11:48:00+00:00,196.6,196.65,196.6,196.65,1644.0
2025-06-20 11:49:00+00:00,196.7,196.7,196.65,196.65,2508.0
2025-06-20 11:51:00+00:00,196.57,196.6,196.57,196.6,4140.0
2025-06-20 11:52:00+00:00,196.59,196.59,196.59,196.59,206.0
2025-06-20 11:54:00+00:00,196.65,196.65,196.65,196.65,1245.0
2025-06-20 11:55:00+00:00,196.66,196.66,196.66,196.66,478.0
2025-06-20 11:56:00+00:00,196.61,196.61,196.6,196.6,1865.0
2025-06-20 11:57:00+00:00,196.52,196.52,196.49,196.49,2657.0
2025-06-20 11:59:00+00:00,196.53,196.61,196.53,196.6,1203.0
2025-06-20 12:00:00+00:00,196.01,196.7,195.77,196.7,64855.0
2025-06-20 12:01:00+00:00,196.6,196.72,196.6,196.7,2992.0
2025-06-20 12:02:00+00:00,196.089,196.71,196.089,196.63,2392.0
2025-06-20 12:03:00+00:00,196.678,196.83,196.678,196.74,5279.0
2025-06-20 12:04:00+00:00,196.86,196.86,196.64,196.68,1617.0
2025-06-20 12:07:00+00:00,196.6,196.6,196.5,196.5,2770.0
2025-06-20 12:09:00+00:00,196.43,196.53,196.3608,196.53,2181.0
2025-06-20 12:10:00+00:00,196.5919,196.5919,196.5919,196.5919,691.0
2025-06-20 12:11:00+00:00,196.52,196.52,196.5,196.5,1958.0
2025-06-20 12:12:00+00:00,196.48,196.5,196.48,196.5,2529.0
2025-06-20 12:13:00+00:00,196.5386,196.5386,196.5,196.51,4187.0
2025-06-20 12:14:00+00:00,196.51,196.5362,196.51,196.52,1881.0
2025-06-20 12:15:00+00:00,196.51,196.52,196.51,196.52,1799.0
2025-06-20 12:17:00+00:00,196.45,196.45,196.4,196.4,1662.0
2025-06-20 12:18:00+00:00,196.4248,196.55,196.4248,196.55,4252.0
2025-06-20 12:20:00+00:00,196.5,196.5,196.5,196.5,1179.0
2025-06-20 12:21:00+00:00,196.58,196.59,196.58,196.59,1402.0
2025-06-20 12:22:00+00:00,196.58,196.58,196.55,196.55,1632.0
2025-06-20 12:23:00+00:00,196.55,196.5592,196.55,196.5592,1063.0
2025-06-20 12:24:00+00:00,196.55,196.55,196.53,196.53,1235.0
2025-06-20 12:25:00+00:00,196.5175,196.52,196.5,196.5199,3319.0
2025-06-20 12:26:00+00:00,196.45,196.45,196.45,196.45,525.0
2025-06-20 12:27:00+00:00,196.52,196.54,196.4228,196.54,2361.0
2025-06-20 12:28:00+00:00,196.5799,196.5799,196.5799,196.5799,801.0
2025-06-20 12:29:00+00:00,196.58,196.58,196.55,196.55,2221.0
2025-06-20 12:30:00+00:00,196.5775,196.65,196.5775,196.65,1194.0
2025-06-20 12:31:00+00:00,196.65,196.71,196.62,196.71,1449.0
2025-06-20 12:32:00+00:00,196.75,196.75,196.75,196.75,2681.0
2025-06-20 12:33:00+00:00,196.8,196.88,196.75,196.7501,5139.0
2025-06-20 12:34:00+00:00,196.85,196.9099,196.83,196.9065,4038.0
2025-06-20 12:35:00+00:00,196.9,196.9,196.81,196.8101,2595.0
2025-06-20 12:36:00+00:00,196.81,196.85,196.81,196.85,1247.0
2025-06-20 12:37:00+00:00,196.83,196.9099,196.83,196.88,3903.0
2025-06-20 12:38:00+00:00,196.9,196.9099,196.86,196.9099,5377.0
2025-06-20 12:39:00+00:00,196.91,197.099,196.91,197.099,15740.0
2025-06-20 12:40:00+00:00,197.09,197.11,197.04,197.06,5141.0
2025-06-20 12:41:00+00:00,197.1,197.14,197.0639,197.11,3248.0
2025-06-20 12:42:00+00:00,197.06,197.14,197.04,197.14,2323.0
2025-06-20 12:43:00+00:00,197.1,197.1443,197.1,197.1,2851.0
2025-06-20 12:44:00+00:00,197.13,197.1499,197.1,197.11,1680.0
2025-06-20 12:45:00+00:00,197.12,197.19,197.1101,197.19,4681.0
2025-06-20 12:46:00+00:00,197.2,197.2491,197.1501,197.2489,4763.0
2025-06-20 12:47:00+00:00,197.23,197.25,197.23,197.25,2640.0
2025-06-20 12:48:00+00:00,197.29,197.34,197.2802,197.34,7718.0
2025-06-20 12:49:00+00:00,197.32,197.37,197.3,197.3501,5343.0
2025-06-20 12:50:00+00:00,197.35,197.39,197.35,197.39,2018.0
2025-06-20 12:51:00+00:00,197.3701,197.43,197.3701,197.43,4013.0
2025-06-20 12:52:00+00:00,197.413,197.42,197.4,197.4,1861.0
2025-06-20 12:53:00+00:00,197.37,197.4,197.35,197.35,3816.0
2025-06-20 12:54:00+00:00,197.35,197.37,197.35,197.3501,5464.0
2025-06-20 12:55:00+00:00,197.34,197.48,197.3,197.41,8681.0
2025-06-20 12:56:00+00:00,197.36,197.42,197.32,197.4192,6100.0
2025-06-20 12:57:00+00:00,197.4192,197.4192,197.38,197.41,2770.0
2025-06-20 12:58:00+00:00,197.44,197.44,197.42,197.42,1921.0
2025-06-20 12:59:00+00:00,197.44,197.44,197.39,197.39,1821.0
2025-06-20 13:00:00+00:00,197.38,197.38,197.35,197.35,3133.0
2025-06-20 13:01:00+00:00,197.3501,197.4,197.3501,197.4,1828.0
2025-06-20 13:02:00+00:00,197.3501,197.45,197.3501,197.4,3313.0
2025-06-20 13:03:00+00:00,197.351,197.43,197.35,197.43,5439.0
2025-06-20 13:04:00+00:00,197.3501,197.4454,197.3501,197.4171,1992.0
2025-06-20 13:05:00+00:00,197.38,197.38,197.38,197.38,592.0
2025-06-20 13:06:00+00:00,197.35,197.39,197.35,197.35,1465.0
2025-06-20 13:07:00+00:00,197.37,197.4,197.35,197.3993,3870.0
2025-06-20 13:08:00+00:00,197.3736,197.3736,197.32,197.3698,2452.0
2025-06-20 13:09:00+00:00,197.32,197.32,197.31,197.31,1700.0
2025-06-20 13:10:00+00:00,197.31,197.37,197.31,197.31,1894.0
2025-06-20 13:11:00+00:00,197.31,197.31,197.22,197.23,2503.0
2025-06-20 13:12:00+00:00,197.261,197.261,197.261,197.261,557.0
2025-06-20 13:13:00+00:00,197.35,197.35,197.28,197.28,1553.0
2025-06-20 13:14:00+00:00,197.31,197.31,197.31,197.31,968.0
2025-06-20 13:15:00+00:00,197.33,197.33,197.26,197.27,1665.0
2025-06-20 13:16:00+00:00,197.27,197.27,197.25,197.25,1287.0
2025-06-20 13:17:00+00:00,197.26,197.26,197.2086,197.21,877.0
2025-06-20 13:18:00+00:00,197.2,197.23,197.16,197.23,2516.0
2025-06-20 13:19:00+00:00,197.24,197.37,197.24,197.24,7002.0
2025-06-20 13:20:00+00:00,197.24,197.37,197.24,197.35,6525.0
2025-06-20 13:21:00+00:00,197.37,197.4,197.34,197.397,3533.0
2025-06-20 13:22:00+00:00,197.4,197.53,197.38,197.5,18663.0
2025-06-20 13:23:00+00:00,197.48,197.4995,197.42,197.45,2894.0
2025-06-20 13:24:00+00:00,197.48,197.49,197.48,197.49,1863.0
2025-06-20 13:25:00+00:00,197.39,197.39,196.95,197.0,24777.0
2025-06-20 13:26:00+00:00,197.08,197.18,196.91,197.0336,18697.0
2025-06-20 13:27:00+00:00,197.1,198.2,197.093,197.88,66514.0
2025-06-20 13:28:00+00:00,198.97,199.03,197.99,198.48,175718.0
2025-06-20 13:29:00+00:00,198.45,198.54,198.04,198.1,75162.0
2025-06-20 13:30:00+00:00,198.235,198.4,197.52,198.17,9650833.0
2025-06-20 13:31:00+00:00,198.24,198.82,198.2,198.7,389412.0
2025-06-20 13:32:00+00:00,198.725,199.44,198.6893,199.055,366434.0
2025-06-20 13:33:00+00:00,199.05,199.11,198.7301,199.08,295189.0
2025-06-20 13:34:00+00:00,199.1,199.63,199.06,199.4108,330551.0
2025-06-20 13:35:00+00:00,199.41,199.82,199.3766,199.47,375208.0
2025-06-20 13:36:00+00:00,199.46,199.93,199.46,199.73,247361.0
2025-06-20 13:37:00+00:00,199.745,200.0,199.67,199.76,343134.0
2025-06-20 13:38:00+00:00,199.75,200.01,199.69,199.97,646289.0
2025-06-20 13:39:00+00:00,199.97,200.66,199.93,200.445,785731.0
2025-06-20 13:40:00+00:00,200.46,200.95,200.3411,200.7497,626346.0
2025-06-20 13:41:00+00:00,200.73,200.94,200.55,200.61,344565.0
2025-06-20 13:42:00+00:00,200.6099,200.86,200.51,200.64,254602.0
2025-06-20 13:43:00+00:00,200.63,200.6997,200.4201,200.61,248497.0
2025-06-20 13:44:00+00:00,200.6,200.8,200.5,200.5995,188653.0
2025-06-20 13:45:00+00:00,200.595,200.7191,200.09,200.09,292790.0
2025-06-20 13:46:00+00:00,200.088,200.21,199.87,199.87,263213.0
2025-06-20 13:47:00+00:00,199.86,200.31,199.84,200.135,197754.0
2025-06-20 13:48:00+00:00,200.14,200.16,199.87,199.92,215780.0
2025-06-20 13:49:00+00:00,199.93,200.04,199.73,199.77,191712.0
2025-06-20 13:50:00+00:00,199.78,200.1,199.74,200.03,174099.0
2025-06-20 13:51:00+00:00,200.03,200.1199,199.98,200.0802,158747.0
2025-06-20 13:52:00+00:00,200.08,200.215,200.01,200.03,164146.0
2025-06-20 13:53:00+00:00,200.03,200.33,200.0,200.14,177439.0
2025-06-20 13:54:00+00:00,200.15,200.35,200.07,200.3491,111769.0
2025-06-20 13:55:00+00:00,200.33,200.48,200.32,200.385,160780.0
2025-06-20 13:56:00+00:00,200.38,200.42,200.11,200.125,142132.0
2025-06-20 13:57:00+00:00,200.1298,200.17,200.01,200.01,135360.0
2025-06-20 13:58:00+00:00,200.01,200.1,199.81,200.05,150135.0
2025-06-20 13:59:00+00:00,200.0398,200.0398,199.74,199.845,168150.0
2025-06-20 14:00:00+00:00,199.84,199.94,199.7248,199.8,193336.0
2025-06-20 14:01:00+00:00,199.79,199.94,199.66,199.68,142750.0
2025-06-20 14:02:00+00:00,199.67,199.692,199.46,199.52,182121.0
2025-06-20 14:03:00+00:00,199.51,199.725,199.495,199.6193,116425.0
2025-06-20 14:04:00+00:00,199.61,199.61,199.46,199.54,474305.0
2025-06-20 14:05:00+00:00,199.52,199.58,199.2833,199.2833,93710.0
2025-06-20 14:06:00+00:00,199.285,199.285,199.0985,199.12,97482.0
2025-06-20 14:07:00+00:00,199.11,199.2,199.0242,199.1102,112943.0
2025-06-20 14:08:00+00:00,199.11,199.155,198.98,199.12,136554.0
2025-06-20 14:09:00+00:00,199.115,199.1699,199.0,199.0099,89828.0
2025-06-20 14:10:00+00:00,199.01,199.3995,198.995,199.39,116023.0
2025-06-20 14:11:00+00:00,199.4,199.41,199.112,199.25,149554.0
2025-06-20 14:12:00+00:00,199.25,199.44,199.16,199.39,98482.0
2025-06-20 14:13:00+00:00,199.39,199.605,199.3028,199.55,107702.0
2025-06-20 14:14:00+00:00,199.54,199.58,199.43,199.56,74476.0
2025-06-20 14:15:00+00:00,199.545,199.6,199.43,199.48,119257.0
2025-06-20 14:16:00+00:00,199.4703,199.51,199.26,199.3584,79503.0
2025-06-20 14:17:00+00:00,199.35,199.5398,199.24,199.47,95657.0
2025-06-20 14:18:00+00:00,199.46,199.7299,199.4,199.72,94218.0
2025-06-20 14:19:00+00:00,199.71,199.72,199.55,199.57,81072.0
2025-06-20 14:20:00+00:00,199.5694,199.7,199.53,199.62,65321.0
2025-06-20 14:21:00+00:00,199.62,199.74,199.59,199.66,1140548.0
2025-06-20 14:22:00+00:00,199.68,199.705,199.4603,199.49,103642.0
2025-06-20 14:23:00+00:00,199.52,199.5417,199.12,199.145,87602.0
2025-06-20 14:24:00+00:00,199.15,199.2,198.81,198.86,142545.0
2025-06-20 14:25:00+00:00,198.85,198.86,198.59,198.8,144365.0
2025-06-20 14:26:00+00:00,198.81,198.81,198.56,198.665,359580.0
2025-06-20 14:27:00+00:00,198.65,198.77,198.56,198.74,141990.0
2025-06-20 14:28:00+00:00,198.75,198.885,198.6801,198.82,99973.0
2025-06-20 14:29:00+00:00,198.82,198.82,198.5589,198.68,109432.0
2025-06-20 14:30:00+00:00,198.69,198.69,198.42,198.455,127094.0
2025-06-20 14:31:00+00:00,198.45,198.47,198.28,198.4,105311.0
2025-06-20 14:32:00+00:00,198.39,198.47,198.27,198.38,106724.0
2025-06-20 14:33:00+00:00,198.375,198.49,198.35,198.415,90089.0
2025-06-20 14:34:00+00:00,198.41,198.43,198.245,198.285,93943.0
2025-06-20 14:35:00+00:00,198.285,198.38,198.23,198.333,321991.0
2025-06-20 14:36:00+00:00,198.34,198.4,198.2,198.33,93806.0
2025-06-20 14:37:00+00:00,198.325,198.4601,198.28,198.395,81330.0
2025-06-20 14:38:00+00:00,198.4,198.47,198.235,198.31,196151.0
2025-06-20 14:39:00+00:00,198.3,198.35,198.08,198.19,106171.0
2025-06-20 14:40:00+00:00,198.19,198.39,197.97,198.03,194233.0
2025-06-20 14:41:00+00:00,198.01,198.0588,197.7,197.85,259682.0
2025-06-20 14:42:00+00:00,197.855,197.875,197.63,197.84,119507.0
2025-06-20 14:43:00+00:00,197.83,197.93,197.77,197.89,84979.0
2025-06-20 14:44:00+00:00,197.88,197.89,197.68,197.7919,83626.0
2025-06-20 14:45:00+00:00,197.8,197.82,197.59,197.63,107598.0
2025-06-20 14:46:00+00:00,197.64,197.84,197.565943,197.81,82325.0
2025-06-20 14:47:00+00:00,197.8,197.805,197.61,197.64,95005.0
2025-06-20 14:48:00+00:00,197.63,197.77,197.561,197.765,68099.0
2025-06-20 14:49:00+00:00,197.76,197.8,197.6,197.68,85140.0
2025-06-20 14:50:00+00:00,197.68,197.69,197.48,197.5156,124350.0
2025-06-20 14:51:00+00:00,197.5,197.51,197.32,197.405,112712.0
2025-06-20 14:52:00+00:00,197.405,197.42,197.285,197.31,87587.0
2025-06-20 14:53:00+00:00,197.3169,197.4899,197.235,197.35,146572.0
2025-06-20 14:54:00+00:00,197.35,197.35,197.13,197.21,105696.0
2025-06-20 14:55:00+00:00,197.2,197.22,197.07,197.14,103471.0
2025-06-20 14:56:00+00:00,197.13,197.215,197.035,197.1935,116489.0
2025-06-20 14:57:00+00:00,197.18,197.25,197.07,197.235,91009.0
2025-06-20 14:58:00+00:00,197.23,197.26,197.14,197.195,103714.0
2025-06-20 14:59:00+00:00,197.19,197.32,197.1101,197.2798,93360.0
2025-06-20 15:00:00+00:00,197.26,197.26,196.855,196.89,345396.0
2025-06-20 15:01:00+00:00,196.89,197.11,196.86,197.11,103571.0
2025-06-20 15:02:00+00:00,197.11,197.2,197.05,197.105,72178.0
2025-06-20 15:03:00+00:00,197.11,197.165,196.98,197.05,81876.0
2025-06-20 15:04:00+00:00,197.06,197.075,196.9,197.03,101422.0
2025-06-20 15:05:00+00:00,197.04,197.32,197.0101,197.25,98001.0
2025-06-20 15:06:00+00:00,197.2459,197.29,197.12,197.211,90255.0
2025-06-20 15:07:00+00:00,197.21,197.28,197.095,197.23,74059.0
2025-06-20 15:08:00+00:00,197.24,197.29,197.17,197.27,67735.0
2025-06-20 15:09:00+00:00,197.2694,197.28,197.18,197.27,50858.0
2025-06-20 15:10:00+00:00,197.2794,197.42,197.2,197.3763,109971.0
2025-06-20 15:11:00+00:00,197.37,197.47,197.34,197.43,80416.0
2025-06-20 15:12:00+00:00,197.42,197.42,197.23,197.2477,80957.0
2025-06-20 15:13:00+00:00,197.24,197.245,197.16,197.24,54156.0
2025-06-20 15:14:00+00:00,197.24,197.75,197.22,197.66,708256.0
2025-06-20 15:15:00+00:00,197.67,197.7,197.59,197.64,90427.0
2025-06-20 15:16:00+00:00,197.645,197.67,197.51,197.6266,91814.0
2025-06-20 15:17:00+00:00,197.62,197.7,197.585,197.64,44468.0
2025-06-20 15:18:00+00:00,197.6498,197.79,197.64,197.76,59438.0
2025-06-20 15:19:00+00:00,197.75,197.92,197.75,197.9,102934.0
2025-06-20 15:20:00+00:00,197.91,197.92,197.71,197.79,86133.0
2025-06-20 15:21:00+00:00,197.79,197.88,197.65,197.88,61558.0
2025-06-20 15:22:00+00:00,197.87,198.0597,197.8624,197.91,132473.0
2025-06-20 15:23:00+00:00,197.92,197.97,197.79,197.88,70817.0
2025-06-20 15:24:00+00:00,197.89,197.93,197.73,197.86,72229.0
2025-06-20 15:25:00+00:00,197.85,197.99,197.83,197.97,41319.0
2025-06-20 15:26:00+00:00,197.9827,198.01,197.91,197.948,37329.0
2025-06-20 15:27:00+00:00,197.95,198.03,197.91,197.94,50247.0
2025-06-20 15:28:00+00:00,197.95,197.97,197.82,197.92,62659.0
2025-06-20 15:29:00+00:00,197.9236,197.9236,197.64,197.68,54634.0
2025-06-20 15:30:00+00:00,197.67,197.85,197.62,197.805,53408.0
2025-06-20 15:31:00+00:00,197.8004,197.9753,197.8,197.9696,47722.0
2025-06-20 15:32:00+00:00,197.9764,198.015,197.87,197.94,50371.0
2025-06-20 15:33:00+00:00,197.94,198.17,197.93,198.131,106690.0
2025-06-20 15:34:00+00:00,198.14,198.24,198.1364,198.23,66854.0
2025-06-20 15:35:00+00:00,198.225,198.29,198.2,198.245,81889.0
2025-06-20 15:36:00+00:00,198.24,198.36,198.21,198.3107,76072.0
2025-06-20 15:37:00+00:00,198.31,198.435,198.31,198.435,78011.0
2025-06-20 15:38:00+00:00,198.43,198.48,198.4127,198.4127,57012.0
2025-06-20 15:39:00+00:00,198.42,198.57,198.405,198.54,117407.0
2025-06-20 15:40:00+00:00,198.53,198.56,198.45,198.55,58217.0
2025-06-20 15:41:00+00:00,198.56,199.0,198.45,198.61,604399.0
2025-06-20 15:42:00+00:00,198.6113,198.75,198.51,198.71,173345.0
2025-06-20 15:43:00+00:00,198.73,198.86,198.67,198.75,146463.0
2025-06-20 15:44:00+00:00,198.755,198.88,198.71,198.75,98223.0
2025-06-20 15:45:00+00:00,198.75,198.81,198.63,198.7,109697.0
2025-06-20 15:46:00+00:00,198.685,198.805,198.685,198.7734,53029.0
2025-06-20 15:47:00+00:00,198.78,198.78,198.57,198.5964,72075.0
2025-06-20 15:48:00+00:00,198.605,198.6199,198.51,198.525,48662.0
2025-06-20 15:49:00+00:00,198.525,198.59,198.47,198.5696,45567.0
2025-06-20 15:50:00+00:00,198.57,198.58,198.41,198.475,58196.0
2025-06-20 15:51:00+00:00,198.48,198.48,198.31,198.3201,97235.0
2025-06-20 15:52:00+00:00,198.33,198.435,198.32,198.365,49671.0
2025-06-20 15:53:00+00:00,198.38,198.385,198.22,198.325,77797.0
2025-06-20 15:54:00+00:00,198.32,198.35,198.13,198.13,47650.0
2025-06-20 15:55:00+00:00,198.15,198.1768,198.0534,198.1178,51028.0
2025-06-20 15:56:00+00:00,198.1295,198.1397,197.985,198.01,50007.0
2025-06-20 15:57:00+00:00,198.0001,198.16,198.0001,198.14,143967.0
2025-06-20 15:58:00+00:00,198.1201,198.24,198.1001,198.23,84482.0
2025-06-20 15:59:00+00:00,198.21,198.215,198.03,198.08,37226.0
2025-06-20 16:00:00+00:00,198.07,198.1296,197.9,198.1254,105058.0
2025-06-20 16:01:00+00:00,198.1003,198.19,198.09,198.1,33188.0
2025-06-20 16:02:00+00:00,198.1,198.19,198.1,198.145,24437.0
2025-06-20 16:03:00+00:00,198.13,198.25,198.1,198.23,36274.0
2025-06-20 16:04:00+00:00,198.21,198.22,198.06,198.07,25425.0
2025-06-20 16:05:00+00:00,198.07,198.22,198.06,198.18,28509.0
2025-06-20 16:06:00+00:00,198.17,198.28,198.1,198.147,50410.0
2025-06-20 16:07:00+00:00,198.1699,198.24,198.11,198.209,33774.0
2025-06-20 16:08:00+00:00,198.2,198.27,198.19,198.23,25051.0
2025-06-20 16:09:00+00:00,198.23,198.28,198.175,198.28,22841.0
2025-06-20 16:10:00+00:00,198.26,198.42,198.24,198.405,36909.0
2025-06-20 16:11:00+00:00,198.39,198.51,198.39,198.48,45517.0
2025-06-20 16:12:00+00:00,198.5,198.5097,198.33,198.37,33652.0
2025-06-20 16:13:00+00:00,198.37,198.38,198.23,198.2757,54164.0
2025-06-20 16:14:00+00:00,198.2569,198.265,198.1296,198.1892,33848.0
2025-06-20 16:15:00+00:00,198.17,198.205,198.06,198.06,37955.0
2025-06-20 16:16:00+00:00,198.06,198.07,197.93,197.98,45583.0
2025-06-20 16:17:00+00:00,197.975,198.03,197.92,198.02,31180.0
2025-06-20 16:18:00+00:00,198.0217,198.04,197.92,198.0304,39134.0
2025-06-20 16:19:00+00:00,198.02,198.13,198.0102,198.11,49211.0
2025-06-20 16:20:00+00:00,198.1104,198.13,198.02,198.04,29502.0
2025-06-20 16:21:00+00:00,198.0491,198.1,197.99,197.99,33280.0
2025-06-20 16:22:00+00:00,197.99,198.12,197.9229,198.1096,44786.0
2025-06-20 16:23:00+00:00,198.1002,198.33,198.01,198.33,289396.0
2025-06-20 16:24:00+00:00,198.345,198.4669,198.29,198.43,83765.0
2025-06-20 16:25:00+00:00,198.43,198.46,198.25,198.32,34469.0
2025-06-20 16:26:00+00:00,198.31,198.383,198.3,198.33,28818.0
2025-06-20 16:27:00+00:00,198.3,198.44,198.29,198.41,24873.0
2025-06-20 16:28:00+00:00,198.42,198.43,198.33,198.34,28250.0
2025-06-20 16:29:00+00:00,198.34,198.536,198.3,198.49,51028.0
2025-06-20 16:30:00+00:00,198.49,198.57,198.42,198.44,54067.0
2025-06-20 16:31:00+00:00,198.4401,198.495,198.36,198.475,51816.0
2025-06-20 16:32:00+00:00,198.475,198.5699,198.44,198.535,45247.0
2025-06-20 16:33:00+00:00,198.55,198.63,198.54,198.61,44875.0
2025-06-20 16:34:00+00:00,198.59,198.65,198.58,198.63,47112.0
2025-06-20 16:35:00+00:00,198.64,198.7304,198.61,198.69,49145.0
2025-06-20 16:36:00+00:00,198.7,198.7665,198.6923,198.74,46207.0
2025-06-20 16:37:00+00:00,198.76,198.825,198.7033,198.8,45596.0
2025-06-20 16:38:00+00:00,198.795,198.82,198.7,198.72,37429.0
2025-06-20 16:39:00+00:00,198.73,198.77,198.66,198.7125,26432.0
2025-06-20 16:40:00+00:00,198.71,198.73,198.64,198.65,37212.0
2025-06-20 16:41:00+00:00,198.66,198.72,198.57,198.59,60978.0
2025-06-20 16:42:00+00:00,198.58,198.58,198.42,198.43,89591.0
2025-06-20 16:43:00+00:00,198.43,198.43,198.29,198.3601,57889.0
2025-06-20 16:44:00+00:00,198.3726,198.51,198.33,198.5,40005.0
2025-06-20 16:45:00+00:00,198.485,198.53,198.4,198.51,42453.0
2025-06-20 16:46:00+00:00,198.49,198.56,198.4201,198.44,53041.0
2025-06-20 16:47:00+00:00,198.43,198.44,198.355,198.38,50268.0
2025-06-20 16:48:00+00:00,198.4,198.41,198.33,198.3402,38168.0
2025-06-20 16:49:00+00:00,198.34,198.42,198.34,198.37,431849.0
2025-06-20 16:50:00+00:00,198.38,198.5,198.34,198.4624,40504.0
2025-06-20 16:51:00+00:00,198.46,198.475,198.3646,198.42,28049.0
2025-06-20 16:52:00+00:00,198.42,198.92,198.42,198.58,558960.0
2025-06-20 16:53:00+00:00,198.58,198.73,198.55,198.73,53332.0
2025-06-20 16:54:00+00:00,198.7399,198.78,198.7199,198.7375,52923.0
2025-06-20 16:55:00+00:00,198.73,198.75,198.64,198.6672,46622.0
2025-06-20 16:56:00+00:00,198.689,198.74,198.5907,198.73,48029.0
2025-06-20 16:57:00+00:00,198.72,198.7804,198.6801,198.69,35708.0
2025-06-20 16:58:00+00:00,198.69,198.79,198.685,198.77,36971.0
2025-06-20 16:59:00+00:00,198.7602,198.9391,198.56,198.81,177653.0
2025-06-20 17:00:00+00:00,198.81,198.9,198.73,198.87,62919.0
2025-06-20 17:01:00+00:00,198.875,198.92,198.82,198.855,39256.0
2025-06-20 17:02:00+00:00,198.86,198.87,198.7796,198.81,34720.0
2025-06-20 17:03:00+00:00,198.815,198.815,198.6602,198.68,54528.0
2025-06-20 17:04:00+00:00,198.695,198.74,198.62,198.66,53138.0
2025-06-20 17:05:00+00:00,198.65,198.6764,198.56,198.595,50510.0
2025-06-20 17:06:00+00:00,198.59,198.605,198.52,198.58,47238.0
2025-06-20 17:07:00+00:00,198.57,198.63,198.53,198.59,47770.0
2025-06-20 17:08:00+00:00,198.6,198.76,198.6,198.7,30426.0
2025-06-20 17:09:00+00:00,198.71,198.91,198.7,198.8301,50998.0
2025-06-20 17:10:00+00:00,198.83,198.92,198.78,198.9,50758.0
2025-06-20 17:11:00+00:00,198.92,198.92,198.82,198.86,24056.0
2025-06-20 17:12:00+00:00,198.8699,199.04,198.85,199.02,74672.0
2025-06-20 17:13:00+00:00,199.03,199.14,199.03,199.1,47506.0
2025-06-20 17:14:00+00:00,199.11,199.235,199.0784,199.169,74392.0
2025-06-20 17:15:00+00:00,199.1776,199.41,199.09,199.2542,146907.0
2025-06-20 17:16:00+00:00,199.26,199.26,199.04,199.07,60603.0
2025-06-20 17:17:00+00:00,199.06,199.07,198.86,198.9,75816.0
2025-06-20 17:18:00+00:00,198.895,198.9,198.73,198.75,54571.0
2025-06-20 17:19:00+00:00,198.75,198.795,198.67,198.73,53082.0
2025-06-20 17:20:00+00:00,198.73,198.855,198.66,198.76,138927.0
2025-06-20 17:21:00+00:00,198.74,198.78,198.6913,198.7742,46611.0
2025-06-20 17:22:00+00:00,198.775,198.9353,198.7711,198.84,54609.0
2025-06-20 17:23:00+00:00,198.84,198.84,198.61,198.6292,62482.0
2025-06-20 17:24:00+00:00,198.65,198.65,198.51,198.59,57201.0
2025-06-20 17:25:00+00:00,198.59,198.61,198.47,198.53,49272.0
2025-06-20 17:26:00+00:00,198.52,198.57,198.4127,198.4127,47637.0
2025-06-20 17:27:00+00:00,198.42,198.52,198.34,198.52,125725.0
2025-06-20 17:28:00+00:00,198.51,198.55,198.27,198.34,81041.0
2025-06-20 17:29:00+00:00,198.325,198.43,198.305,198.32,61526.0
2025-06-20 17:30:00+00:00,198.32,198.37,198.22,198.29,78578.0
2025-06-20 17:31:00+00:00,198.28,198.31,198.16,198.285,65624.0
2025-06-20 17:32:00+00:00,198.2808,198.29,198.19,198.27,32297.0
2025-06-20 17:33:00+00:00,198.2524,198.27,198.1,198.11,42551.0
2025-06-20 17:34:00+00:00,198.12,198.44,198.1124,198.4298,191641.0
2025-06-20 17:35:00+00:00,198.41,198.555,198.41,198.44,47227.0
2025-06-20 17:36:00+00:00,198.43,198.475,198.3,198.3,46938.0
2025-06-20 17:37:00+00:00,198.2928,198.3199,198.1602,198.29,57929.0
2025-06-20 17:38:00+00:00,198.28,198.29,198.19,198.19,52880.0
2025-06-20 17:39:00+00:00,198.19,198.22,198.08,198.1,46267.0
2025-06-20 17:40:00+00:00,198.105,198.26,198.07,198.23,40547.0
2025-06-20 17:41:00+00:00,198.235,198.33,198.205,198.31,290727.0
2025-06-20 17:42:00+00:00,198.3025,198.575,198.3,198.575,105179.0
2025-06-20 17:43:00+00:00,198.575,198.655,198.53,198.64,63293.0
2025-06-20 17:44:00+00:00,198.65,198.655,198.485,198.485,48828.0
2025-06-20 17:45:00+00:00,198.48,198.58,198.41,198.43,30594.0
2025-06-20 17:46:00+00:00,198.46,198.51,198.38,198.44,247311.0
2025-06-20 17:47:00+00:00,198.44,198.51,198.4027,198.42,50315.0
2025-06-20 17:48:00+00:00,198.43,198.49,198.36,198.4,53650.0
2025-06-20 17:49:00+00:00,198.395,198.5399,198.385,198.51,60109.0
2025-06-20 17:50:00+00:00,198.51,198.6494,198.49,198.62,57453.0
2025-06-20 17:51:00+00:00,198.61,198.72,198.57,198.67,66369.0
2025-06-20 17:52:00+00:00,198.67,199.15,198.67,198.8264,608597.0
2025-06-20 17:53:00+00:00,198.8266,198.87,198.7,198.8599,50040.0
2025-06-20 17:54:00+00:00,198.87,198.96,198.865,198.91,88442.0
2025-06-20 17:55:00+00:00,198.895,198.97,198.8724,198.93,32354.0
2025-06-20 17:56:00+00:00,198.93,199.07,198.92,198.93,80881.0
2025-06-20 17:57:00+00:00,198.93,199.05,198.93,199.02,28349.0
2025-06-20 17:58:00+00:00,199.02,199.13,198.9948,199.13,66751.0
2025-06-20 17:59:00+00:00,199.14,199.18,199.1,199.14,62882.0
2025-06-20 18:00:00+00:00,199.145,199.33,199.1129,199.23,76263.0
2025-06-20 18:01:00+00:00,199.245,199.37,199.245,199.32,73675.0
2025-06-20 18:02:00+00:00,199.33,199.43,199.235,199.32,113223.0
2025-06-20 18:03:00+00:00,199.32,199.37,199.27,199.31,49847.0
2025-06-20 18:04:00+00:00,199.3,199.415,199.27,199.4,57470.0
2025-06-20 18:05:00+00:00,199.4,199.44,199.34,199.41,98761.0
2025-06-20 18:06:00+00:00,199.41,199.45,199.35,199.36,69255.0
2025-06-20 18:07:00+00:00,199.37,199.48,199.3612,199.445,120647.0
2025-06-20 18:08:00+00:00,199.45,199.48,199.25,199.3204,86359.0
2025-06-20 18:09:00+00:00,199.33,199.53,199.33,199.51,106380.0
2025-06-20 18:10:00+00:00,199.52,199.58,199.5101,199.5325,60757.0
2025-06-20 18:11:00+00:00,199.53,199.695,199.49,199.69,71466.0
2025-06-20 18:12:00+00:00,199.695,199.805,199.67,199.685,114125.0
2025-06-20 18:13:00+00:00,199.685,199.72,199.63,199.6688,54232.0
2025-06-20 18:14:00+00:00,199.67,199.735,199.65,199.73,49422.0
2025-06-20 18:15:00+00:00,199.71,199.75,199.68,199.72,56104.0
2025-06-20 18:16:00+00:00,199.7101,199.735,199.655,199.6809,46607.0
2025-06-20 18:17:00+00:00,199.6709,199.855,199.67,199.85,75365.0
2025-06-20 18:18:00+00:00,199.845,200.07,199.84,200.045,288854.0
2025-06-20 18:19:00+00:00,200.045,200.19,200.0401,200.1501,154855.0
2025-06-20 18:20:00+00:00,200.16,200.18,199.96,199.9701,106613.0
2025-06-20 18:21:00+00:00,199.9899,200.11,199.98,200.04,82338.0
2025-06-20 18:22:00+00:00,200.05,200.05,199.885,199.885,65514.0
2025-06-20 18:23:00+00:00,199.89,199.99,199.89,199.9,73909.0
2025-06-20 18:24:00+00:00,199.91,200.08,199.91,200.0571,71393.0
2025-06-20 18:25:00+00:00,200.0528,200.0608,199.8942,199.915,48038.0
2025-06-20 18:26:00+00:00,199.93,200.02,199.92,200.005,64688.0
2025-06-20 18:27:00+00:00,200.005,200.05,199.93,199.945,63770.0
2025-06-20 18:28:00+00:00,199.945,199.96,199.83,199.9,51373.0
2025-06-20 18:29:00+00:00,199.91,199.933,199.78,199.81,71352.0
2025-06-20 18:30:00+00:00,199.82,199.9,199.8102,199.85,69256.0
2025-06-20 18:31:00+00:00,199.85,199.91,199.81,199.87,70101.0
2025-06-20 18:32:00+00:00,199.8629,200.075,199.83,200.04,136399.0
2025-06-20 18:33:00+00:00,200.03,200.07,199.98,200.0033,57791.0
2025-06-20 18:34:00+00:00,200.0028,200.17,200.0,200.12,171899.0
2025-06-20 18:35:00+00:00,200.11,200.1499,200.05,200.1,112334.0
2025-06-20 18:36:00+00:00,200.1,200.11,200.01,200.01,52272.0
2025-06-20 18:37:00+00:00,200.0199,200.05,199.82,199.8696,160447.0
2025-06-20 18:38:00+00:00,199.86,199.94,199.855,199.92,41366.0
2025-06-20 18:39:00+00:00,199.9201,200.07,199.9201,199.97,85668.0
2025-06-20 18:40:00+00:00,199.9748,200.0,199.92,199.9448,63154.0
2025-06-20 18:41:00+00:00,199.945,200.01,199.945,199.99,48733.0
2025-06-20 18:42:00+00:00,200.005,200.04,199.96,199.9803,310833.0
2025-06-20 18:43:00+00:00,199.99,199.99,199.81,199.8804,72163.0
2025-06-20 18:44:00+00:00,199.8896,199.975,199.88,199.95,333819.0
2025-06-20 18:45:00+00:00,199.96,199.985,199.89,199.92,70373.0
2025-06-20 18:46:00+00:00,199.93,200.0591,199.93,200.025,100437.0
2025-06-20 18:47:00+00:00,200.025,200.025,199.9103,199.9404,59221.0
2025-06-20 18:48:00+00:00,199.94,199.94,199.81,199.84,65443.0
2025-06-20 18:49:00+00:00,199.84,199.91,199.83,199.89,45307.0
2025-06-20 18:50:00+00:00,199.88,199.89,199.74,199.81,209743.0
2025-06-20 18:51:00+00:00,199.81,199.855,199.77,199.8125,59760.0
2025-06-20 18:52:00+00:00,199.825,199.92,199.78,199.88,105405.0
2025-06-20 18:53:00+00:00,199.88,199.88,199.73,199.82,75615.0
2025-06-20 18:54:00+00:00,199.82,200.09,199.8,200.0346,180072.0
2025-06-20 18:55:00+00:00,200.05,200.14,199.9701,199.9701,144688.0
2025-06-20 18:56:00+00:00,199.98,200.025,199.71,199.759,151910.0
2025-06-20 18:57:00+00:00,199.76,199.96,199.7,199.84,93092.0
2025-06-20 18:58:00+00:00,199.8496,199.94,199.79,199.82,121855.0
2025-06-20 18:59:00+00:00,199.8176,199.86,199.65,199.71,80465.0
2025-06-20 19:00:00+00:00,199.71,199.7799,199.62,199.76,66279.0
2025-06-20 19:01:00+00:00,199.765,200.06,199.765,200.04,249115.0
2025-06-20 19:02:00+00:00,200.07,200.15,200.04,200.05,93698.0
2025-06-20 19:03:00+00:00,200.0598,200.11,199.98,200.0969,67707.0
2025-06-20 19:04:00+00:00,200.09,200.2753,200.05,200.2599,711398.0
2025-06-20 19:05:00+00:00,200.25,200.318,200.17,200.3,416320.0
2025-06-20 19:06:00+00:00,200.305,200.3367,200.11,200.115,102701.0
2025-06-20 19:07:00+00:00,200.13,200.1664,200.0,200.07,97034.0
2025-06-20 19:08:00+00:00,200.07,200.22,199.94,199.9412,223791.0
2025-06-20 19:09:00+00:00,199.94,200.03,199.92,200.02,73658.0
2025-06-20 19:10:00+00:00,200.02,200.05,199.93,199.98,80192.0
2025-06-20 19:11:00+00:00,199.98,200.07,199.98,200.01,60764.0
2025-06-20 19:12:00+00:00,200.01,200.08,199.95,200.0008,74575.0
2025-06-20 19:13:00+00:00,199.9942,200.02,199.87,199.9013,88887.0
2025-06-20 19:14:00+00:00,199.905,199.94,199.8101,199.92,127302.0
2025-06-20 19:15:00+00:00,199.91,199.93,199.8148,199.8507,49559.0
2025-06-20 19:16:00+00:00,199.845,199.86,199.73,199.75,66289.0
2025-06-20 19:17:00+00:00,199.75,199.81,199.67,199.7,157548.0
2025-06-20 19:18:00+00:00,199.71,199.72,199.6001,199.64,86487.0
2025-06-20 19:19:00+00:00,199.655,199.83,199.61,199.7809,86621.0
2025-06-20 19:20:00+00:00,199.7865,199.98,199.76,199.93,98980.0
2025-06-20 19:21:00+00:00,199.95,200.06,199.84,199.86,109989.0
2025-06-20 19:22:00+00:00,199.85,199.92,199.75,199.92,106797.0
2025-06-20 19:23:00+00:00,199.925,200.08,199.91,200.075,112624.0
2025-06-20 19:24:00+00:00,200.07,200.18,200.01,200.08,151455.0
2025-06-20 19:25:00+00:00,200.08,200.175,200.0,200.0328,105953.0
2025-06-20 19:26:00+00:00,200.03,200.05,199.88,199.91,178942.0
2025-06-20 19:27:00+00:00,199.925,200.03,199.89,199.96,175572.0
2025-06-20 19:28:00+00:00,199.9629,200.025,199.81,199.885,187866.0
2025-06-20 19:29:00+00:00,199.885,200.0,199.8,199.93,369905.0
2025-06-20 19:30:00+00:00,199.92,199.95,199.83,199.88,80070.0
2025-06-20 19:31:00+00:00,199.89,200.0,199.77,199.84,104266.0
2025-06-20 19:32:00+00:00,199.835,199.92,199.795,199.9,74519.0
2025-06-20 19:33:00+00:00,199.9054,199.95,199.84,199.945,60694.0
2025-06-20 19:34:00+00:00,199.95,200.1452,199.92,200.1452,112383.0
2025-06-20 19:35:00+00:00,200.14,200.14,199.97,200.0,116024.0
2025-06-20 19:36:00+00:00,200.01,200.05,199.97,200.04,68823.0
2025-06-20 19:37:00+00:00,200.0418,200.13,200.015,200.015,98937.0
2025-06-20 19:38:00+00:00,200.0199,200.195,200.01,200.12,157540.0
2025-06-20 19:39:00+00:00,200.11,200.13,200.035,200.075,93008.0
2025-06-20 19:40:00+00:00,200.075,200.18,200.04,200.12,108048.0
2025-06-20 19:41:00+00:00,200.12,200.19,200.06,200.065,153372.0
2025-06-20 19:42:00+00:00,200.065,200.105,200.02,200.07,135853.0
2025-06-20 19:43:00+00:00,200.075,200.13,200.07,200.12,174284.0
2025-06-20 19:44:00+00:00,200.125,200.125,199.95,199.97,165615.0
2025-06-20 19:45:00+00:00,199.975,200.02,199.94,200.0,115212.0
2025-06-20 19:46:00+00:00,199.98,200.07,199.95,200.02,104985.0
2025-06-20 19:47:00+00:00,200.03,200.045,199.95,199.985,119357.0
2025-06-20 19:48:00+00:00,199.981,200.065,199.945,199.96,236327.0
2025-06-20 19:49:00+00:00,199.97,200.06,199.95,199.995,134795.0
2025-06-20 19:50:00+00:00,200.01,200.4,199.95,200.245,467901.0
2025-06-20 19:51:00+00:00,200.25,200.33,200.03,200.1,245253.0
2025-06-20 19:52:00+00:00,200.1,200.6,200.055,200.4234,330106.0
2025-06-20 19:53:00+00:00,200.44,200.475,200.15,200.26,253304.0
2025-06-20 19:54:00+00:00,200.25,200.58,200.19,200.57,449544.0
2025-06-20 19:55:00+00:00,200.56,201.7,200.56,201.35,1799984.0
2025-06-20 19:56:00+00:00,201.33,201.42,201.025,201.09,757154.0
2025-06-20 19:57:00+00:00,201.09,201.17,200.86,200.975,796178.0
2025-06-20 19:58:00+00:00,200.98,201.09,200.93,200.95,885863.0
2025-06-20 19:59:00+00:00,200.94,201.09,200.68,200.92,2326359.0
2025-06-20 20:00:00+00:00,201.0,201.2,200.92,201.05,2098383.0
2025-06-20 20:01:00+00:00,201.2,201.55,201.07,201.38,27840.0
2025-06-20 20:02:00+00:00,201.4396,201.4396,201.22,201.23,14456.0
2025-06-20 20:03:00+00:00,201.09,201.29,201.09,201.13,5288.0
2025-06-20 20:04:00+00:00,201.0,201.13,201.0,201.105,472603.0
2025-06-20 20:05:00+00:00,201.12,201.13,201.05,201.11,1182657.0
2025-06-20 20:06:00+00:00,201.13,201.24,201.0,201.21,50118.0
2025-06-20 20:07:00+00:00,201.22,201.22,201.0,201.21,12662.0
2025-06-20 20:08:00+00:00,201.21,201.24,201.0,201.21,152995.0
2025-06-20 20:09:00+00:00,201.2,201.21,201.18,201.2,24745.0
2025-06-20 20:10:00+00:00,201.2,201.2002,201.2,201.2,122885.0
2025-06-20 20:11:00+00:00,201.2,201.2,201.13,201.13,7620.0
2025-06-20 20:12:00+00:00,201.15,201.15,201.0,201.0001,13723.0
2025-06-20 20:13:00+00:00,201.0,201.01,200.86,200.86,4466.0
2025-06-20 20:14:00+00:00,200.91,200.91,200.86,200.91,3160.0
2025-06-20 20:15:00+00:00,200.91,200.91,200.86,200.9,3577.0
2025-06-20 20:16:00+00:00,200.91,200.91,200.47,200.8,8173.0
2025-06-20 20:17:00+00:00,200.7988,200.7999,200.75,200.76,3321.0
2025-06-20 20:18:00+00:00,200.75,200.85,200.75,200.8401,4018.0
2025-06-20 20:19:00+00:00,200.89,200.99,200.89,200.99,5388.0
2025-06-20 20:20:00+00:00,200.95,200.9501,200.95,200.9501,2493.0
2025-06-20 20:21:00+00:00,200.98,201.0,200.95,201.0,4978.0
2025-06-20 20:22:00+00:00,201.01,201.06,201.01,201.05,4631.0
2025-06-20 20:23:00+00:00,201.0,201.0,200.96,201.0,1961.0
2025-06-20 20:24:00+00:00,200.96,200.9601,200.96,200.96,1071.0
2025-06-20 20:25:00+00:00,200.92,200.92,200.76,200.76,1732.0
2025-06-20 20:26:00+00:00,200.98,200.98,200.87,200.92,808.0
2025-06-20 20:27:00+00:00,200.8872,200.92,200.8655,200.91,1071.0
2025-06-20 20:28:00+00:00,200.8801,200.94,200.8801,200.9,1411.0
2025-06-20 20:29:00+00:00,200.9396,200.94,200.89,200.89,2541.0
2025-06-20 20:30:00+00:00,200.89,200.95,200.89,200.95,1684.0
2025-06-20 20:31:00+00:00,200.9001,200.9001,200.88,200.88,1035.0
2025-06-20 20:32:00+00:00,200.95,200.95,200.95,200.95,940.0
2025-06-20 20:33:00+00:00,200.9001,200.98,200.9001,200.92,867.0
2025-06-20 20:34:00+00:00,200.9,201.0,200.9,200.9799,5847.0
2025-06-20 20:35:00+00:00,200.9,200.9,200.9,200.9,769.0
2025-06-20 20:36:00+00:00,200.95,200.97,200.93,200.97,6229.0
2025-06-20 20:37:00+00:00,200.97,200.97,200.9,200.9,2289.0
2025-06-20 20:38:00+00:00,200.96,200.9865,200.85,200.86,4918.0
2025-06-20 20:39:00+00:00,200.9001,200.9001,200.9001,200.9001,760.0
2025-06-20 20:40:00+00:00,200.9,200.9,200.9,200.9,628.0
2025-06-20 20:41:00+00:00,200.87,200.87,200.76,200.77,10495.0
2025-06-20 20:42:00+00:00,200.8201,200.8864,200.8201,200.8864,788.0
2025-06-20 20:43:00+00:00,200.8211,200.83,200.68,200.82,5193.0
2025-06-20 20:44:00+00:00,200.79,200.8,200.75,200.8,4347.0
2025-06-20 20:45:00+00:00,200.79,200.87,200.75,200.75,6552.0
2025-06-20 20:46:00+00:00,200.74,200.8,200.74,200.74,2176.0
2025-06-20 20:47:00+00:00,200.8,200.8,200.8,200.8,1117.0
2025-06-20 20:48:00+00:00,200.77,200.77,200.74,200.74,877.0
2025-06-20 20:49:00+00:00,200.77,200.77,200.68,200.68,5314.0
2025-06-20 20:50:00+00:00,200.75,200.75,200.6818,200.72,4161.0
2025-06-20 20:51:00+00:00,200.72,200.72,200.7,200.72,1415.0
2025-06-20 20:52:00+00:00,200.72,200.72,200.72,200.72,805.0
2025-06-20 20:53:00+00:00,200.7,200.7,200.68,200.6999,4457.0
2025-06-20 20:54:00+00:00,200.6901,200.7,200.69,200.6999,2078.0
2025-06-20 20:55:00+00:00,200.7,200.7,200.68,200.68,2917.0
2025-06-20 20:56:00+00:00,200.68,200.7,200.68,200.7,3092.0
2025-06-20 20:57:00+00:00,200.7,200.7,200.68,200.68,2880.0
2025-06-20 20:58:00+00:00,200.68,200.68,200.68,200.68,1727.0
2025-06-20 20:59:00+00:00,200.7,200.7,200.5513,200.6,3655.0
2025-06-20 21:00:00+00:00,200.5619,200.5619,200.5619,200.5619,497.0
2025-06-20 21:01:00+00:00,200.65,200.7,200.65,200.69,317208.0
2025-06-20 21:03:00+00:00,200.6,200.7,200.6,200.69,36490.0
2025-06-20 21:04:00+00:00,200.6908,200.6908,200.6908,200.6908,802.0
2025-06-20 21:06:00+00:00,200.72,200.75,200.72,200.72,1312.0
2025-06-20 21:07:00+00:00,200.75,200.75,200.75,200.75,864.0
2025-06-20 21:09:00+00:00,200.8,200.85,200.8,200.85,4895.0
2025-06-20 21:10:00+00:00,200.889,200.889,200.85,200.85,2109.0
2025-06-20 21:11:00+00:00,200.8599,200.8599,200.85,200.8501,12123.0
2025-06-20 21:12:00+00:00,200.88,200.89,200.88,200.89,1867.0
2025-06-20 21:13:00+00:00,200.89,200.89,200.85,200.85,1658.0
2025-06-20 21:14:00+00:00,200.85,200.85,200.85,200.85,1718.0
2025-06-20 21:15:00+00:00,200.85,200.85,200.85,200.85,723.0
2025-06-20 21:16:00+00:00,200.9,200.9,200.9,200.9,1171.0
2025-06-20 21:17:00+00:00,200.9,200.9,200.9,200.9,748.0
2025-06-20 21:18:00+00:00,200.88,200.89,200.88,200.89,2704.0
2025-06-20 21:19:00+00:00,200.89,200.8999,200.89,200.89,2229.0
2025-06-20 21:20:00+00:00,200.8902,200.8902,200.89,200.89,1411.0
2025-06-20 21:21:00+00:00,200.9,200.98,200.9,200.9,2851.0
2025-06-20 21:22:00+00:00,200.89,200.93,200.89,200.93,1901.0
2025-06-20 21:23:00+00:00,200.94,201.0,200.94,200.99,14110.0
2025-06-20 21:24:00+00:00,201.0,201.0,200.99,200.99,8538.0
2025-06-20 21:25:00+00:00,200.9999,201.0,200.99,201.0,4982.0
2025-06-20 21:26:00+00:00,201.0,201.1,200.9907,201.09,5099.0
2025-06-20 21:27:00+00:00,201.1,201.1,201.0,201.07,3367.0
2025-06-20 21:28:00+00:00,201.0006,201.1,201.0,201.0008,5554.0
2025-06-20 21:29:00+00:00,201.0,201.0285,201.0,201.0285,3232.0
2025-06-20 21:30:00+00:00,201.0218,201.03,201.0,201.0,1344.0
2025-06-20 21:31:00+00:00,201.0,201.0001,200.98,201.0001,6725.0
2025-06-20 21:32:00+00:00,201.0,201.03,201.0,201.02,4522.0
2025-06-20 21:33:00+00:00,201.0293,201.0293,201.0,201.0,1121.0
2025-06-20 21:34:00+00:00,201.0,201.01,201.0,201.0001,1291.0
2025-06-20 21:35:00+00:00,201.0,201.03,201.0,201.0,2868.0
2025-06-20 21:36:00+00:00,201.0,201.0,201.0,201.0,415.0
2025-06-20 21:37:00+00:00,201.0,201.02,201.0,201.002,2339.0
2025-06-20 21:38:00+00:00,201.01,201.0101,201.0,201.0,3538.0
2025-06-20 21:39:00+00:00,201.0,201.03,201.0,201.0,1619.0
2025-06-20 21:40:00+00:00,201.0,201.0,201.0,201.0,567.0
2025-06-20 21:41:00+00:00,201.02,201.03,201.0,201.03,1222.0
2025-06-20 21:43:00+00:00,201.03,201.03,201.0,201.02,2033.0
2025-06-20 21:44:00+00:00,201.0289,201.0294,201.0,201.0,1590.0
2025-06-20 21:45:00+00:00,201.0,201.0,201.0,201.0,543.0
2025-06-20 21:46:00+00:00,201.0099,201.0195,201.0,201.0001,3635.0
2025-06-20 21:47:00+00:00,201.02,201.02,201.02,201.02,1179.0
2025-06-20 21:48:00+00:00,201.02,201.02,201.0001,201.0197,692.0
2025-06-20 21:49:00+00:00,201.02,201.11,201.02,201.11,5807.0
2025-06-20 21:50:00+00:00,201.11,201.22,201.1,201.22,9473.0
2025-06-20 21:51:00+00:00,201.1711,201.37,201.1711,201.3,7006.0
2025-06-20 21:52:00+00:00,201.3,201.35,201.21,201.3497,2445.0
2025-06-20 21:53:00+00:00,201.3,201.51,201.3,201.5,14291.0
2025-06-20 21:54:00+00:00,201.44,201.44,201.35,201.35,2368.0
2025-06-20 21:55:00+00:00,201.3801,201.39,201.0,201.38,41868.0
2025-06-20 21:56:00+00:00,201.38,201.38,201.34,201.34,990.0
2025-06-20 21:57:00+00:00,201.35,201.46,201.35,201.46,7532.0
2025-06-20 21:58:00+00:00,201.44,201.46,201.4001,201.46,1752.0
2025-06-20 21:59:00+00:00,201.4,201.45,201.4,201.4,1208.0
2025-06-20 22:00:00+00:00,201.4,201.43,201.4,201.4,616.0
2025-06-20 22:01:00+00:00,201.4001,201.4001,201.4,201.4,1984.0
2025-06-20 22:02:00+00:00,201.4,201.43,201.4,201.43,3101.0
2025-06-20 22:03:00+00:00,201.44,201.44,201.42,201.44,1083.0
2025-06-20 22:04:00+00:00,201.44,201.49,201.44,201.49,4152.0
2025-06-20 22:05:00+00:00,201.49,201.4994,201.45,201.45,1199.0
2025-06-20 22:07:00+00:00,201.46,201.49,201.45,201.4501,4162.0
2025-06-20 22:08:00+00:00,201.45,201.4504,201.45,201.45,2518.0
2025-06-20 22:09:00+00:00,201.45,201.45,201.45,201.45,2816.0
2025-06-20 22:10:00+00:00,201.45,201.48,201.45,201.48,1337.0
2025-06-20 22:11:00+00:00,201.45,201.48,201.45,201.48,494.0
2025-06-20 22:12:00+00:00,201.45,201.4501,201.45,201.4501,876.0
2025-06-20 22:13:00+00:00,201.45,201.45,201.45,201.45,794.0
2025-06-20 22:14:00+00:00,201.45,201.45,201.45,201.45,262.0
2025-06-20 22:15:00+00:00,201.45,201.46,201.45,201.46,2171.0
2025-06-20 22:16:00+00:00,201.47,201.53,201.47,201.53,5114.0
2025-06-20 22:17:00+00:00,201.5001,201.51,201.5,201.5,1238.0
2025-06-20 22:18:00+00:00,201.5,201.5,201.5,201.5,878.0
2025-06-20 22:19:00+00:00,201.5,201.5,201.45,201.48,2566.0
2025-06-20 22:20:00+00:00,201.5,201.5097,201.5,201.5,1613.0
2025-06-20 22:21:00+00:00,201.5,201.5098,201.5,201.5,3506.0
2025-06-20 22:23:00+00:00,201.5,201.51,201.5,201.51,4334.0
2025-06-20 22:24:00+00:00,201.5,201.5,201.5,201.5,4807.0
2025-06-20 22:25:00+00:00,201.5,201.51,201.5,201.5098,3849.0
2025-06-20 22:26:00+00:00,201.5097,201.52,201.5097,201.5199,4809.0
2025-06-20 22:27:00+00:00,201.52,201.5298,201.5199,201.5298,2296.0
2025-06-20 22:28:00+00:00,201.53,201.53,201.5,201.5,1209.0
2025-06-20 22:29:00+00:00,201.5,201.51,201.5,201.5,8046.0
2025-06-20 22:30:00+00:00,201.53,201.54,201.5,201.5018,9369.0
2025-06-20 22:31:00+00:00,201.54,201.58,201.54,201.58,4583.0
2025-06-20 22:32:00+00:00,201.58,201.58,201.55,201.55,406.0
2025-06-20 22:33:00+00:00,201.556,201.6,201.556,201.6,1910.0
2025-06-20 22:34:00+00:00,201.61,201.64,201.6,201.61,2629.0
2025-06-20 22:35:00+00:00,201.65,201.68,201.64,201.6793,4139.0
2025-06-20 22:36:00+00:00,201.65,201.6989,201.6001,201.6989,3850.0
2025-06-20 22:37:00+00:00,201.6,201.7,201.6,201.69,2605.0
2025-06-20 22:38:00+00:00,201.7,201.71,201.69,201.71,5918.0
2025-06-20 22:39:00+00:00,201.71,201.73,201.7,201.7,2362.0
2025-06-20 22:40:00+00:00,201.73,201.7885,201.7,201.7,7423.0
2025-06-20 22:41:00+00:00,201.7,201.73,201.7,201.73,2362.0
2025-06-20 22:42:00+00:00,201.73,201.73,201.7,201.73,4054.0
2025-06-20 22:43:00+00:00,201.7277,201.73,201.7,201.7,2213.0
2025-06-20 22:44:00+00:00,201.7,201.72,201.7,201.72,1668.0
2025-06-20 22:45:00+00:00,201.7,201.72,201.7,201.7199,3116.0
2025-06-20 22:46:00+00:00,201.7,201.7,201.7,201.7,2924.0
2025-06-20 22:47:00+00:00,201.7,201.7005,201.7,201.7,1396.0
2025-06-20 22:48:00+00:00,201.7,201.7,201.7,201.7,447.0
2025-06-20 22:49:00+00:00,201.71,201.71,201.6,201.71,5648.0
2025-06-20 22:50:00+00:00,201.7,201.72,201.7,201.7197,3069.0
2025-06-20 22:51:00+00:00,201.71,201.74,201.71,201.74,3286.0
2025-06-20 22:52:00+00:00,201.71,201.72,201.7,201.7,1435.0
2025-06-20 22:53:00+00:00,201.7001,201.7005,201.7,201.7,1696.0
2025-06-20 22:54:00+00:00,201.7,201.72,201.7,201.72,817.0
2025-06-20 22:55:00+00:00,201.7,201.7,201.7,201.7,4784.0
2025-06-20 22:56:00+00:00,201.7,201.7,201.7,201.7,453.0
2025-06-20 22:57:00+00:00,201.7,201.7,201.7,201.7,620.0
2025-06-20 22:58:00+00:00,201.71,201.71,201.7,201.7,552.0
2025-06-20 22:59:00+00:00,201.7,201.7,201.7,201.7,586.0
2025-06-20 23:00:00+00:00,201.71,201.71,201.71,201.71,330.0
2025-06-20 23:01:00+00:00,201.7,201.7,201.7,201.7,2437.0
2025-06-20 23:02:00+00:00,201.6,201.6,201.6,201.6,474.0
2025-06-20 23:03:00+00:00,201.62,201.64,201.6,201.6,1256.0
2025-06-20 23:04:00+00:00,201.6,201.6,201.54,201.55,3448.0
2025-06-20 23:05:00+00:00,201.55,201.55,201.54,201.54,675.0
2025-06-20 23:06:00+00:00,201.54,201.5413,201.54,201.5413,1922.0
2025-06-20 23:07:00+00:00,201.54,201.58,201.54,201.54,1187.0
2025-06-20 23:08:00+00:00,201.54,201.5401,201.5001,201.5001,1281.0
2025-06-20 23:09:00+00:00,201.52,201.52,201.52,201.52,264.0
2025-06-20 23:10:00+00:00,201.5495,201.5495,201.5495,201.5495,314.0
2025-06-20 23:11:00+00:00,201.53,201.53,201.5014,201.5014,858.0
2025-06-20 23:12:00+00:00,201.5,201.55,201.5,201.55,548.0
2025-06-20 23:13:00+00:00,201.5,201.5001,201.5,201.5,830.0
2025-06-20 23:14:00+00:00,201.5,201.5,201.5,201.5,1090.0
2025-06-20 23:15:00+00:00,201.4501,201.4501,201.45,201.45,641.0
2025-06-20 23:16:00+00:00,201.45,201.45,201.43,201.44,3313.0
2025-06-20 23:17:00+00:00,201.38,201.4,201.38,201.4,714.0
2025-06-20 23:18:00+00:00,201.4,201.4,201.35,201.37,3866.0
2025-06-20 23:19:00+00:00,201.36,201.36,201.36,201.36,306.0
2025-06-20 23:20:00+00:00,201.3201,201.3201,201.3201,201.3201,1214.0
2025-06-20 23:21:00+00:00,201.32,201.359,201.32,201.359,1397.0
2025-06-20 23:22:00+00:00,201.32,201.33,201.32,201.33,679.0
2025-06-20 23:23:00+00:00,201.32,201.32,201.32,201.32,417.0
2025-06-20 23:24:00+00:00,201.3488,201.3488,201.23,201.23,1655.0
2025-06-20 23:25:00+00:00,201.17,201.22,201.12,201.12,980.0
2025-06-20 23:26:00+00:00,201.12,201.12,201.12,201.12,255.0
2025-06-20 23:27:00+00:00,201.19,201.19,201.16,201.16,1520.0
2025-06-20 23:28:00+00:00,201.15,201.4,201.13,201.2,5456.0
2025-06-20 23:29:00+00:00,201.2,201.21,201.2,201.21,725.0
2025-06-20 23:30:00+00:00,201.2109,201.366,201.2109,201.366,932.0
2025-06-20 23:31:00+00:00,201.37,201.37,201.2494,201.25,1192.0
2025-06-20 23:32:00+00:00,201.35,201.35,201.35,201.35,106.0
2025-06-20 23:33:00+00:00,201.35,201.35,201.25,201.35,1002.0
2025-06-20 23:34:00+00:00,201.264,201.264,201.264,201.264,430.0
2025-06-20 23:35:00+00:00,201.33,201.4,201.33,201.4,2210.0
2025-06-20 23:36:00+00:00,201.35,201.42,201.35,201.42,1383.0
2025-06-20 23:38:00+00:00,201.33,201.39,201.33,201.39,423.0
2025-06-20 23:39:00+00:00,201.36,201.36,201.32,201.32,1055.0
2025-06-20 23:40:00+00:00,201.22,201.22,201.21,201.21,2313.0
2025-06-20 23:41:00+00:00,201.21,201.25,201.2,201.2,2870.0
2025-06-20 23:42:00+00:00,201.24,201.3,201.24,201.3,1014.0
2025-06-20 23:43:00+00:00,201.2,201.2,201.2,201.2,237.0
2025-06-20 23:44:00+00:00,201.22,201.27,201.22,201.27,736.0
2025-06-20 23:45:00+00:00,201.21,201.25,201.21,201.25,490.0
2025-06-20 23:47:00+00:00,201.2245,201.2245,201.2245,201.2245,316.0
2025-06-20 23:48:00+00:00,201.27,201.2981,201.25,201.25,1942.0
2025-06-20 23:49:00+00:00,201.22,201.22,201.2,201.22,4518.0
2025-06-20 23:50:00+00:00,201.2198,201.23,201.21,201.23,3262.0
2025-06-20 23:52:00+00:00,201.21,201.23,201.1836,201.21,2082.0
2025-06-20 23:53:00+00:00,201.23,201.25,201.2063,201.23,3965.0
2025-06-20 23:54:00+00:00,201.2394,201.26,201.2394,201.25,4159.0
2025-06-20 23:55:00+00:00,201.27,201.28,201.27,201.28,3758.0
2025-06-20 23:56:00+00:00,201.3,201.3,201.27,201.27,4193.0
2025-06-20 23:57:00+00:00,201.3,201.3,201.27,201.28,2572.0
2025-06-20 23:58:00+00:00,201.28,201.28,201.28,201.28,613.0
2025-06-20 23:59:00+00:00,201.29,201.3873,201.28,201.2901,4835.0
